Equation,Equation.EqualityContract,Equation.Result,Equation.operands
"Equation { Result = 35784, operands = System.Collections.Generic.Stack`1[System.UInt64] }",Day07+Equation,35784,"[550, 162, 7]"
"Equation { Result = 14037417, operands = System.Collections.Generic.Stack`1[System.UInt64] }",Day07+Equation,14037417,"[122, 8, 8, 9, 9]"
"Equation { Result = 14504, operands = System.Collections.Generic.Stack`1[System.UInt64] }",Day07+Equation,14504,"[6, 20, 698, 6]"
"Equation { Result = 766, operands = System.Collections.Generic.Stack`1[System.UInt64] }",Day07+Equation,766,"[6, 79, 556, 7, 40]"
"Equation { Result = 19734400, operands = System.Collections.Generic.Stack`1[System.UInt64] }",Day07+Equation,19734400,[280]
"Equation { Result = 34483, operands = System.Collections.Generic.Stack`1[System.UInt64] }",Day07+Equation,34483,"[2, 8, 28, 5, 9, 8, 8, 883]"
"Equation { Result = 2301120, operands = System.Collections.Generic.Stack`1[System.UInt64] }",Day07+Equation,2301120,"[376, 2, 5]"
"Equation { Result = 10951662, operands = System.Collections.Generic.Stack`1[System.UInt64] }",Day07+Equation,10951662,"[15, 2, 14, 745, 7, 7, 5, 3]"
"Equation { Result = 209111, operands = System.Collections.Generic.Stack`1[System.UInt64] }",Day07+Equation,209111,"[73, 12, 3, 48, 1, 6, 16, 1]"
"Equation { Result = 767032, operands = System.Collections.Generic.Stack`1[System.UInt64] }",Day07+Equation,767032,"[208, 80, 2, 47, 56]"
"Equation { Result = 14985, operands = System.Collections.Generic.Stack`1[System.UInt64] }",Day07+Equation,14985,"[89, 749, 9]"
"Equation { Result = 69563, operands = System.Collections.Generic.Stack`1[System.UInt64] }",Day07+Equation,69563,"[9, 336, 11]"
"Equation { Result = 683307, operands = System.Collections.Generic.Stack`1[System.UInt64] }",Day07+Equation,683307,"[53, 706, 2, 6, 26, 8, 6, 7, 6]"
"Equation { Result = 43172, operands = System.Collections.Generic.Stack`1[System.UInt64] }",Day07+Equation,43172,"[24, 3, 7, 431, 38]"
"Equation { Result = 26024490, operands = System.Collections.Generic.Stack`1[System.UInt64] }",Day07+Equation,26024490,"[89, 5, 3, 81, 6, 3, 95, 3, 3]"
"Equation { Result = 1206, operands = System.Collections.Generic.Stack`1[System.UInt64] }",Day07+Equation,1206,"[1, 3, 718]"
"Equation { Result = 201, operands = System.Collections.Generic.Stack`1[System.UInt64] }",Day07+Equation,201,"[5, 29, 47]"
"Equation { Result = 16483871, operands = System.Collections.Generic.Stack`1[System.UInt64] }",Day07+Equation,16483871,"[35, 290, 1, 270]"
"Equation { Result = 1901216, operands = System.Collections.Generic.Stack`1[System.UInt64] }",Day07+Equation,1901216,"[36, 10, 711, 2]"
"Equation { Result = 5709, operands = System.Collections.Generic.Stack`1[System.UInt64] }",Day07+Equation,5709,"[6, 3, 843, 6, 9, 6, 1, 1, 94]"
"Equation { Result = 7422111, operands = System.Collections.Generic.Stack`1[System.UInt64] }",Day07+Equation,7422111,"[51, 539, 9, 3, 69]"
"Equation { Result = 2029599, operands = System.Collections.Generic.Stack`1[System.UInt64] }",Day07+Equation,2029599,"[3, 817, 2, 5, 6, 5, 4, 5, 1, 3]"
"Equation { Result = 48, operands = System.Collections.Generic.Stack`1[System.UInt64] }",Day07+Equation,48,"[2, 2, 2]"
"Equation { Result = 734648, operands = System.Collections.Generic.Stack`1[System.UInt64] }",Day07+Equation,734648,"[15, 5, 3, 277, 44]"
"Equation { Result = 725340, operands = System.Collections.Generic.Stack`1[System.UInt64] }",Day07+Equation,725340,"[1, 124, 785]"
"Equation { Result = 458616, operands = System.Collections.Generic.Stack`1[System.UInt64] }",Day07+Equation,458616,"[5, 741, 23, 73, 5, 6]"
"Equation { Result = 17820, operands = System.Collections.Generic.Stack`1[System.UInt64] }",Day07+Equation,17820,"[2, 9, 2, 4, 5, 4]"
"Equation { Result = 107361, operands = System.Collections.Generic.Stack`1[System.UInt64] }",Day07+Equation,107361,"[6, 3, 43, 9]"
"Equation { Result = 8391600, operands = System.Collections.Generic.Stack`1[System.UInt64] }",Day07+Equation,8391600,"[50, 18, 2, 7]"
"Equation { Result = 3052382568, operands = System.Collections.Generic.Stack`1[System.UInt64] }",Day07+Equation,3052382568,"[4, 6, 5, 1, 7, 768, 45, 8]"
"Equation { Result = 54833667, operands = System.Collections.Generic.Stack`1[System.UInt64] }",Day07+Equation,54833667,"[197, 48, 552, 195]"
"Equation { Result = 674768250, operands = System.Collections.Generic.Stack`1[System.UInt64] }",Day07+Equation,674768250,"[5, 1, 354]"
"Equation { Result = 45396, operands = System.Collections.Generic.Stack`1[System.UInt64] }",Day07+Equation,45396,"[18, 9, 5, 7, 5, 3, 6, 1, 4, 9]"
"Equation { Result = 7110369, operands = System.Collections.Generic.Stack`1[System.UInt64] }",Day07+Equation,7110369,"[183, 4, 3, 9]"
"Equation { Result = 1762555, operands = System.Collections.Generic.Stack`1[System.UInt64] }",Day07+Equation,1762555,"[38, 1, 966, 2, 569]"
"Equation { Result = 3999393776, operands = System.Collections.Generic.Stack`1[System.UInt64] }",Day07+Equation,3999393776,"[2, 8, 3, 504, 35, 7, 5, 3, 7]"
"Equation { Result = 20153857, operands = System.Collections.Generic.Stack`1[System.UInt64] }",Day07+Equation,20153857,"[228, 4, 7, 29, 9, 153]"
"Equation { Result = 1002, operands = System.Collections.Generic.Stack`1[System.UInt64] }",Day07+Equation,1002,"[6, 4, 418]"
"Equation { Result = 1636, operands = System.Collections.Generic.Stack`1[System.UInt64] }",Day07+Equation,1636,"[2, 25, 986]"
"Equation { Result = 14699098, operands = System.Collections.Generic.Stack`1[System.UInt64] }",Day07+Equation,14699098,"[3, 9, 5, 9, 789, 2, 6, 8, 1, 8]"
"Equation { Result = 1144, operands = System.Collections.Generic.Stack`1[System.UInt64] }",Day07+Equation,1144,"[77, 1, 895, 87, 7, 4]"
"Equation { Result = 2335280, operands = System.Collections.Generic.Stack`1[System.UInt64] }",Day07+Equation,2335280,"[9, 4, 25, 4, 5, 8, 1, 71, 10, 8]"
"Equation { Result = 91804, operands = System.Collections.Generic.Stack`1[System.UInt64] }",Day07+Equation,91804,"[24, 389, 2]"
"Equation { Result = 4144212, operands = System.Collections.Generic.Stack`1[System.UInt64] }",Day07+Equation,4144212,"[875, 53, 4]"
"Equation { Result = 2436, operands = System.Collections.Generic.Stack`1[System.UInt64] }",Day07+Equation,2436,"[53, 3, 3, 649, 8, 8, 7, 2, 4, 2]"
"Equation { Result = 23351403, operands = System.Collections.Generic.Stack`1[System.UInt64] }",Day07+Equation,23351403,"[429, 4, 9, 4, 7, 2, 3, 1, 8]"
"Equation { Result = 210, operands = System.Collections.Generic.Stack`1[System.UInt64] }",Day07+Equation,210,"[11, 162, 1]"
"Equation { Result = 48489, operands = System.Collections.Generic.Stack`1[System.UInt64] }",Day07+Equation,48489,"[8, 9, 7, 4, 51, 2, 637, 3]"
"Equation { Result = 209317, operands = System.Collections.Generic.Stack`1[System.UInt64] }",Day07+Equation,209317,"[427, 14, 5, 17]"
"Equation { Result = 295023300, operands = System.Collections.Generic.Stack`1[System.UInt64] }",Day07+Equation,295023300,"[69, 676, 25]"
"Equation { Result = 158313, operands = System.Collections.Generic.Stack`1[System.UInt64] }",Day07+Equation,158313,"[9, 9, 56, 6, 96, 2, 246, 7, 1]"
"Equation { Result = 1819254899, operands = System.Collections.Generic.Stack`1[System.UInt64] }",Day07+Equation,1819254899,"[46, 8, 5, 74, 7, 7]"
"Equation { Result = 16994292, operands = System.Collections.Generic.Stack`1[System.UInt64] }",Day07+Equation,16994292,"[6, 9, 42, 614]"
"Equation { Result = 125291867, operands = System.Collections.Generic.Stack`1[System.UInt64] }",Day07+Equation,125291867,"[179, 6, 85, 570, 167]"
"Equation { Result = 38250, operands = System.Collections.Generic.Stack`1[System.UInt64] }",Day07+Equation,38250,"[9, 50, 1]"
"Equation { Result = 4490, operands = System.Collections.Generic.Stack`1[System.UInt64] }",Day07+Equation,4490,"[10, 36, 4]"
"Equation { Result = 2143907, operands = System.Collections.Generic.Stack`1[System.UInt64] }",Day07+Equation,2143907,"[5, 2, 6, 286, 51]"
"Equation { Result = 559664774, operands = System.Collections.Generic.Stack`1[System.UInt64] }",Day07+Equation,559664774,"[83, 289, 90]"
"Equation { Result = 3651, operands = System.Collections.Generic.Stack`1[System.UInt64] }",Day07+Equation,3651,"[3, 365, 1]"
"Equation { Result = 41342, operands = System.Collections.Generic.Stack`1[System.UInt64] }",Day07+Equation,41342,"[9, 2, 7]"
"Equation { Result = 46512, operands = System.Collections.Generic.Stack`1[System.UInt64] }",Day07+Equation,46512,"[8, 7, 816]"
"Equation { Result = 6030, operands = System.Collections.Generic.Stack`1[System.UInt64] }",Day07+Equation,6030,"[1, 1, 90]"
"Equation { Result = 92743184520, operands = System.Collections.Generic.Stack`1[System.UInt64] }",Day07+Equation,92743184520,"[6, 210, 562, 447]"
"Equation { Result = 34218072, operands = System.Collections.Generic.Stack`1[System.UInt64] }",Day07+Equation,34218072,"[85, 4, 85, 183, 84]"
"Equation { Result = 152959, operands = System.Collections.Generic.Stack`1[System.UInt64] }",Day07+Equation,152959,"[5, 9, 4, 9, 4, 29, 5, 70, 9]"
"Equation { Result = 28001, operands = System.Collections.Generic.Stack`1[System.UInt64] }",Day07+Equation,28001,"[67, 263, 48, 601]"
"Equation { Result = 18630723, operands = System.Collections.Generic.Stack`1[System.UInt64] }",Day07+Equation,18630723,"[9, 207, 5, 5, 10, 2, 6, 8, 5, 3]"
"Equation { Result = 8838389, operands = System.Collections.Generic.Stack`1[System.UInt64] }",Day07+Equation,8838389,"[6, 9, 6, 897, 35, 35, 5, 14]"
"Equation { Result = 3951075, operands = System.Collections.Generic.Stack`1[System.UInt64] }",Day07+Equation,3951075,"[31, 7, 3, 1, 8, 1, 5, 1, 695, 1]"
"Equation { Result = 1102, operands = System.Collections.Generic.Stack`1[System.UInt64] }",Day07+Equation,1102,"[25, 285, 1, 90]"
"Equation { Result = 622080, operands = System.Collections.Generic.Stack`1[System.UInt64] }",Day07+Equation,622080,"[1, 970, 266, 60, 8]"
"Equation { Result = 302476338, operands = System.Collections.Generic.Stack`1[System.UInt64] }",Day07+Equation,302476338,"[87, 6, 2, 4, 9, 1, 4, 2, 6, 4]"
"Equation { Result = 1102, operands = System.Collections.Generic.Stack`1[System.UInt64] }",Day07+Equation,1102,"[7, 2, 9, 156, 3, 904, 5, 4]"
"Equation { Result = 11309767, operands = System.Collections.Generic.Stack`1[System.UInt64] }",Day07+Equation,11309767,"[875, 6, 7, 9, 24, 8, 7]"
"Equation { Result = 57783, operands = System.Collections.Generic.Stack`1[System.UInt64] }",Day07+Equation,57783,"[8, 7, 31, 408]"
"Equation { Result = 1314, operands = System.Collections.Generic.Stack`1[System.UInt64] }",Day07+Equation,1314,"[18, 162, 3, 36]"
"Equation { Result = 406253290, operands = System.Collections.Generic.Stack`1[System.UInt64] }",Day07+Equation,406253290,"[883, 753, 1]"
"Equation { Result = 6442020, operands = System.Collections.Generic.Stack`1[System.UInt64] }",Day07+Equation,6442020,"[34, 8, 900, 585]"
"Equation { Result = 198900, operands = System.Collections.Generic.Stack`1[System.UInt64] }",Day07+Equation,198900,"[5, 6, 6]"
"Equation { Result = 22541, operands = System.Collections.Generic.Stack`1[System.UInt64] }",Day07+Equation,22541,"[2, 54, 4, 76, 1, 45]"
"Equation { Result = 177494959, operands = System.Collections.Generic.Stack`1[System.UInt64] }",Day07+Equation,177494959,"[6, 1, 4, 7, 6, 3, 6, 8, 91, 5]"
"Equation { Result = 3602374, operands = System.Collections.Generic.Stack`1[System.UInt64] }",Day07+Equation,3602374,"[3, 74, 54, 6, 66, 256]"
"Equation { Result = 1032, operands = System.Collections.Generic.Stack`1[System.UInt64] }",Day07+Equation,1032,"[76, 2, 33, 5, 4, 9, 3, 1, 3]"
"Equation { Result = 31965290, operands = System.Collections.Generic.Stack`1[System.UInt64] }",Day07+Equation,31965290,"[9, 58, 84, 98]"
"Equation { Result = 16034, operands = System.Collections.Generic.Stack`1[System.UInt64] }",Day07+Equation,16034,"[59, 635]"
"Equation { Result = 518, operands = System.Collections.Generic.Stack`1[System.UInt64] }",Day07+Equation,518,[439]
"Equation { Result = 825, operands = System.Collections.Generic.Stack`1[System.UInt64] }",Day07+Equation,825,"[693, 7, 6, 19]"
"Equation { Result = 301541, operands = System.Collections.Generic.Stack`1[System.UInt64] }",Day07+Equation,301541,"[9, 5, 821, 7, 9]"
"Equation { Result = 1514, operands = System.Collections.Generic.Stack`1[System.UInt64] }",Day07+Equation,1514,"[2, 49, 41]"
"Equation { Result = 481825, operands = System.Collections.Generic.Stack`1[System.UInt64] }",Day07+Equation,481825,"[225, 8, 239, 1]"
"Equation { Result = 13916493361, operands = System.Collections.Generic.Stack`1[System.UInt64] }",Day07+Equation,13916493361,"[78, 7, 2, 80, 7, 9, 1]"
"Equation { Result = 6260, operands = System.Collections.Generic.Stack`1[System.UInt64] }",Day07+Equation,6260,"[12, 812, 4]"
"Equation { Result = 1301504, operands = System.Collections.Generic.Stack`1[System.UInt64] }",Day07+Equation,1301504,"[7, 74, 80, 8, 8]"
"Equation { Result = 2444, operands = System.Collections.Generic.Stack`1[System.UInt64] }",Day07+Equation,2444,"[22, 97, 3]"
"Equation { Result = 4627000242, operands = System.Collections.Generic.Stack`1[System.UInt64] }",Day07+Equation,4627000242,"[7, 11, 727, 7, 3, 3, 6]"
"Equation { Result = 26662, operands = System.Collections.Generic.Stack`1[System.UInt64] }",Day07+Equation,26662,"[256, 8, 38]"
"Equation { Result = 1456, operands = System.Collections.Generic.Stack`1[System.UInt64] }",Day07+Equation,1456,"[584, 2, 1]"
"Equation { Result = 2345523438, operands = System.Collections.Generic.Stack`1[System.UInt64] }",Day07+Equation,2345523438,"[8, 3, 919, 633, 3, 7, 8, 6]"
"Equation { Result = 27546990, operands = System.Collections.Generic.Stack`1[System.UInt64] }",Day07+Equation,27546990,"[2, 6, 3, 4, 6, 2, 183, 1]"
"Equation { Result = 104262, operands = System.Collections.Generic.Stack`1[System.UInt64] }",Day07+Equation,104262,"[6, 48, 49, 814, 7]"
"Equation { Result = 63269268483, operands = System.Collections.Generic.Stack`1[System.UInt64] }",Day07+Equation,63269268483,"[402, 230, 8, 4, 99, 2, 3]"
"Equation { Result = 12841407, operands = System.Collections.Generic.Stack`1[System.UInt64] }",Day07+Equation,12841407,"[2, 646, 5, 2, 5, 7, 433, 9]"
"Equation { Result = 22004938, operands = System.Collections.Generic.Stack`1[System.UInt64] }",Day07+Equation,22004938,"[55, 11, 94, 384]"
"Equation { Result = 476676, operands = System.Collections.Generic.Stack`1[System.UInt64] }",Day07+Equation,476676,"[998, 1, 29, 7, 4, 3, 12]"
"Equation { Result = 1812956, operands = System.Collections.Generic.Stack`1[System.UInt64] }",Day07+Equation,1812956,"[348, 8, 572]"
"Equation { Result = 28575129, operands = System.Collections.Generic.Stack`1[System.UInt64] }",Day07+Equation,28575129,"[932, 1, 365, 9]"
"Equation { Result = 52482825, operands = System.Collections.Generic.Stack`1[System.UInt64] }",Day07+Equation,52482825,"[3, 7, 3, 2, 254, 29, 1, 75]"
"Equation { Result = 1245998, operands = System.Collections.Generic.Stack`1[System.UInt64] }",Day07+Equation,1245998,"[919, 3, 747, 2]"
"Equation { Result = 1845532, operands = System.Collections.Generic.Stack`1[System.UInt64] }",Day07+Equation,1845532,"[28, 88, 13]"
"Equation { Result = 1136, operands = System.Collections.Generic.Stack`1[System.UInt64] }",Day07+Equation,1136,[71]
"Equation { Result = 20025337800, operands = System.Collections.Generic.Stack`1[System.UInt64] }",Day07+Equation,20025337800,"[7, 29, 846, 158, 1, 7, 6]"
"Equation { Result = 874267, operands = System.Collections.Generic.Stack`1[System.UInt64] }",Day07+Equation,874267,"[43, 5, 802, 87]"
"Equation { Result = 1633604544, operands = System.Collections.Generic.Stack`1[System.UInt64] }",Day07+Equation,1633604544,"[5, 8, 5, 3, 44, 66, 3, 4, 26]"
"Equation { Result = 625, operands = System.Collections.Generic.Stack`1[System.UInt64] }",Day07+Equation,625,"[6, 9, 25]"
"Equation { Result = 70685, operands = System.Collections.Generic.Stack`1[System.UInt64] }",Day07+Equation,70685,"[14, 4, 7, 322]"
"Equation { Result = 65430, operands = System.Collections.Generic.Stack`1[System.UInt64] }",Day07+Equation,65430,"[3, 2, 727]"
"Equation { Result = 336168, operands = System.Collections.Generic.Stack`1[System.UInt64] }",Day07+Equation,336168,"[659, 63, 8]"
"Equation { Result = 5872014, operands = System.Collections.Generic.Stack`1[System.UInt64] }",Day07+Equation,5872014,"[96, 1, 771, 7, 78]"
"Equation { Result = 185284020, operands = System.Collections.Generic.Stack`1[System.UInt64] }",Day07+Equation,185284020,"[5, 9, 44, 2, 373, 34]"
"Equation { Result = 618634, operands = System.Collections.Generic.Stack`1[System.UInt64] }",Day07+Equation,618634,"[9, 22, 5, 8, 3, 6, 554, 370]"
"Equation { Result = 4370, operands = System.Collections.Generic.Stack`1[System.UInt64] }",Day07+Equation,4370,[95]
"Equation { Result = 98554, operands = System.Collections.Generic.Stack`1[System.UInt64] }",Day07+Equation,98554,"[436, 6, 800, 3, 81]"
"Equation { Result = 37985787, operands = System.Collections.Generic.Stack`1[System.UInt64] }",Day07+Equation,37985787,"[5, 9, 1, 8, 4, 5, 8, 8, 5, 63]"
"Equation { Result = 76494904, operands = System.Collections.Generic.Stack`1[System.UInt64] }",Day07+Equation,76494904,"[7, 7, 941, 73, 2]"
"Equation { Result = 57386, operands = System.Collections.Generic.Stack`1[System.UInt64] }",Day07+Equation,57386,"[5, 1, 4, 21, 686]"
"Equation { Result = 33843658820, operands = System.Collections.Generic.Stack`1[System.UInt64] }",Day07+Equation,33843658820,"[4, 72, 68, 587, 1, 64, 4]"
"Equation { Result = 805, operands = System.Collections.Generic.Stack`1[System.UInt64] }",Day07+Equation,805,"[4, 315, 478]"
"Equation { Result = 215313437, operands = System.Collections.Generic.Stack`1[System.UInt64] }",Day07+Equation,215313437,"[334, 917, 3]"
"Equation { Result = 546624, operands = System.Collections.Generic.Stack`1[System.UInt64] }",Day07+Equation,546624,"[3, 4, 6, 370, 8, 6, 3, 1]"
"Equation { Result = 51717450, operands = System.Collections.Generic.Stack`1[System.UInt64] }",Day07+Equation,51717450,"[97, 93, 18, 39]"
"Equation { Result = 645762, operands = System.Collections.Generic.Stack`1[System.UInt64] }",Day07+Equation,645762,"[75, 70, 3, 9]"
"Equation { Result = 512736840, operands = System.Collections.Generic.Stack`1[System.UInt64] }",Day07+Equation,512736840,"[71, 680, 89, 1, 4, 9]"
"Equation { Result = 5085, operands = System.Collections.Generic.Stack`1[System.UInt64] }",Day07+Equation,5085,"[66, 5, 588, 42]"
"Equation { Result = 702408, operands = System.Collections.Generic.Stack`1[System.UInt64] }",Day07+Equation,702408,"[362, 365, 5, 1, 5, 904]"
"Equation { Result = 374630270, operands = System.Collections.Generic.Stack`1[System.UInt64] }",Day07+Equation,374630270,"[475, 9, 87, 573, 1, 5]"
"Equation { Result = 130847, operands = System.Collections.Generic.Stack`1[System.UInt64] }",Day07+Equation,130847,"[9, 41, 3, 6, 21, 71]"
"Equation { Result = 133331, operands = System.Collections.Generic.Stack`1[System.UInt64] }",Day07+Equation,133331,"[34, 194, 12, 4, 14, 7, 37]"
"Equation { Result = 3417246, operands = System.Collections.Generic.Stack`1[System.UInt64] }",Day07+Equation,3417246,"[658, 2, 6, 2, 3, 6, 2, 6, 7, 9]"
"Equation { Result = 671174964, operands = System.Collections.Generic.Stack`1[System.UInt64] }",Day07+Equation,671174964,"[9, 8, 8, 404, 48, 5, 3, 844]"
"Equation { Result = 2609, operands = System.Collections.Generic.Stack`1[System.UInt64] }",Day07+Equation,2609,"[12, 40, 2, 37, 234, 81]"
"Equation { Result = 13503, operands = System.Collections.Generic.Stack`1[System.UInt64] }",Day07+Equation,13503,"[46, 5, 623]"
"Equation { Result = 3876, operands = System.Collections.Generic.Stack`1[System.UInt64] }",Day07+Equation,3876,"[7, 9, 4, 8, 99, 7, 1, 5, 5, 484]"
"Equation { Result = 3693725, operands = System.Collections.Generic.Stack`1[System.UInt64] }",Day07+Equation,3693725,"[285, 1, 9, 6, 71]"
"Equation { Result = 2151, operands = System.Collections.Generic.Stack`1[System.UInt64] }",Day07+Equation,2151,"[6, 20, 3, 9]"
"Equation { Result = 2831, operands = System.Collections.Generic.Stack`1[System.UInt64] }",Day07+Equation,2831,"[4, 45, 3, 9, 2, 6, 7, 8, 7, 660]"
"Equation { Result = 38086624, operands = System.Collections.Generic.Stack`1[System.UInt64] }",Day07+Equation,38086624,"[9, 7, 4, 72, 8, 8, 4, 2, 4, 944]"
"Equation { Result = 355211584, operands = System.Collections.Generic.Stack`1[System.UInt64] }",Day07+Equation,355211584,"[73, 45, 4, 26]"
"Equation { Result = 600566736, operands = System.Collections.Generic.Stack`1[System.UInt64] }",Day07+Equation,600566736,"[44, 2, 7, 7, 139]"
"Equation { Result = 13369, operands = System.Collections.Generic.Stack`1[System.UInt64] }",Day07+Equation,13369,"[2, 18, 85]"
"Equation { Result = 275352, operands = System.Collections.Generic.Stack`1[System.UInt64] }",Day07+Equation,275352,"[8, 71, 1, 56, 4, 8, 7]"
"Equation { Result = 17347928, operands = System.Collections.Generic.Stack`1[System.UInt64] }",Day07+Equation,17347928,"[5, 1, 2, 8, 91, 3, 47, 8, 52]"
"Equation { Result = 47612, operands = System.Collections.Generic.Stack`1[System.UInt64] }",Day07+Equation,47612,"[97, 91, 479, 31, 2]"
"Equation { Result = 1257706, operands = System.Collections.Generic.Stack`1[System.UInt64] }",Day07+Equation,1257706,"[4, 1, 3, 665, 790, 20, 6]"
"Equation { Result = 1050, operands = System.Collections.Generic.Stack`1[System.UInt64] }",Day07+Equation,1050,"[28, 714, 5, 2, 7]"
"Equation { Result = 1999623, operands = System.Collections.Generic.Stack`1[System.UInt64] }",Day07+Equation,1999623,"[53, 449, 65, 644, 5, 1, 2]"
"Equation { Result = 13984560, operands = System.Collections.Generic.Stack`1[System.UInt64] }",Day07+Equation,13984560,"[1, 6, 3, 941, 576, 48]"
"Equation { Result = 415527, operands = System.Collections.Generic.Stack`1[System.UInt64] }",Day07+Equation,415527,"[87, 6, 15]"
"Equation { Result = 2223848887, operands = System.Collections.Generic.Stack`1[System.UInt64] }",Day07+Equation,2223848887,"[7, 335, 5, 5, 166, 68, 3, 7]"
"Equation { Result = 108751638, operands = System.Collections.Generic.Stack`1[System.UInt64] }",Day07+Equation,108751638,"[9, 92, 6, 5, 3, 19, 65, 8]"
"Equation { Result = 18519906, operands = System.Collections.Generic.Stack`1[System.UInt64] }",Day07+Equation,18519906,"[398, 7, 83, 8, 98]"
"Equation { Result = 1711476, operands = System.Collections.Generic.Stack`1[System.UInt64] }",Day07+Equation,1711476,[414]
"Equation { Result = 34398, operands = System.Collections.Generic.Stack`1[System.UInt64] }",Day07+Equation,34398,"[2, 623, 97, 13]"
"Equation { Result = 90939, operands = System.Collections.Generic.Stack`1[System.UInt64] }",Day07+Equation,90939,"[8, 3, 17, 15, 7, 8, 68, 61, 3]"
"Equation { Result = 1637457, operands = System.Collections.Generic.Stack`1[System.UInt64] }",Day07+Equation,1637457,[17]
"Equation { Result = 756321, operands = System.Collections.Generic.Stack`1[System.UInt64] }",Day07+Equation,756321,"[986, 1, 58]"
"Equation { Result = 2070068, operands = System.Collections.Generic.Stack`1[System.UInt64] }",Day07+Equation,2070068,"[3, 31, 47]"
"Equation { Result = 36162, operands = System.Collections.Generic.Stack`1[System.UInt64] }",Day07+Equation,36162,"[1, 144, 9, 596, 9, 2]"
"Equation { Result = 2098, operands = System.Collections.Generic.Stack`1[System.UInt64] }",Day07+Equation,2098,"[234, 5, 798]"
"Equation { Result = 437328, operands = System.Collections.Generic.Stack`1[System.UInt64] }",Day07+Equation,437328,"[3, 5, 4, 13, 5, 6, 7, 2, 3, 4]"
"Equation { Result = 958557600, operands = System.Collections.Generic.Stack`1[System.UInt64] }",Day07+Equation,958557600,"[1, 1, 8, 62, 64, 38, 715]"
"Equation { Result = 208179008, operands = System.Collections.Generic.Stack`1[System.UInt64] }",Day07+Equation,208179008,"[3, 13, 892, 28, 272]"
"Equation { Result = 262698, operands = System.Collections.Generic.Stack`1[System.UInt64] }",Day07+Equation,262698,"[83, 573, 675]"
"Equation { Result = 71853, operands = System.Collections.Generic.Stack`1[System.UInt64] }",Day07+Equation,71853,"[3, 26, 15]"
"Equation { Result = 6974976, operands = System.Collections.Generic.Stack`1[System.UInt64] }",Day07+Equation,6974976,"[6, 2, 9, 85, 24, 5, 6, 6]"
"Equation { Result = 270, operands = System.Collections.Generic.Stack`1[System.UInt64] }",Day07+Equation,270,"[15, 3]"
"Equation { Result = 1137136, operands = System.Collections.Generic.Stack`1[System.UInt64] }",Day07+Equation,1137136,"[11, 994, 8]"
"Equation { Result = 1647, operands = System.Collections.Generic.Stack`1[System.UInt64] }",Day07+Equation,1647,"[9, 2, 797, 40]"
"Equation { Result = 97809780, operands = System.Collections.Generic.Stack`1[System.UInt64] }",Day07+Equation,97809780,"[3, 784, 489, 10]"
"Equation { Result = 743171, operands = System.Collections.Generic.Stack`1[System.UInt64] }",Day07+Equation,743171,"[4, 903, 2]"
"Equation { Result = 772794, operands = System.Collections.Generic.Stack`1[System.UInt64] }",Day07+Equation,772794,"[9, 894, 7, 63, 5, 66]"
"Equation { Result = 11540, operands = System.Collections.Generic.Stack`1[System.UInt64] }",Day07+Equation,11540,"[3, 402, 229, 9, 8, 9, 3]"
"Equation { Result = 65053, operands = System.Collections.Generic.Stack`1[System.UInt64] }",Day07+Equation,65053,"[5, 16, 151]"
"Equation { Result = 597048192, operands = System.Collections.Generic.Stack`1[System.UInt64] }",Day07+Equation,597048192,"[4, 3, 7, 9, 9, 4, 4, 3, 2, 97]"
"Equation { Result = 16160, operands = System.Collections.Generic.Stack`1[System.UInt64] }",Day07+Equation,16160,"[92, 130, 758]"
"Equation { Result = 163168, operands = System.Collections.Generic.Stack`1[System.UInt64] }",Day07+Equation,163168,"[7, 59, 677, 11]"
"Equation { Result = 111510095, operands = System.Collections.Generic.Stack`1[System.UInt64] }",Day07+Equation,111510095,"[4, 708, 5, 7, 5, 9, 9, 5, 1, 49]"
"Equation { Result = 928047, operands = System.Collections.Generic.Stack`1[System.UInt64] }",Day07+Equation,928047,"[6, 2, 2, 989, 9, 31, 2, 93]"
"Equation { Result = 164016, operands = System.Collections.Generic.Stack`1[System.UInt64] }",Day07+Equation,164016,"[8, 2, 247, 48]"
"Equation { Result = 5144413248, operands = System.Collections.Generic.Stack`1[System.UInt64] }",Day07+Equation,5144413248,"[26, 709, 4, 114]"
"Equation { Result = 1294665, operands = System.Collections.Generic.Stack`1[System.UInt64] }",Day07+Equation,1294665,"[5, 694, 3, 88, 9]"
"Equation { Result = 7399056, operands = System.Collections.Generic.Stack`1[System.UInt64] }",Day07+Equation,7399056,"[96, 3, 6, 43, 61, 57]"
"Equation { Result = 2690434276, operands = System.Collections.Generic.Stack`1[System.UInt64] }",Day07+Equation,2690434276,"[4, 50, 4, 19]"
"Equation { Result = 2557690, operands = System.Collections.Generic.Stack`1[System.UInt64] }",Day07+Equation,2557690,"[502, 5, 1]"
"Equation { Result = 453, operands = System.Collections.Generic.Stack`1[System.UInt64] }",Day07+Equation,453,"[9, 29, 334]"
"Equation { Result = 1821160, operands = System.Collections.Generic.Stack`1[System.UInt64] }",Day07+Equation,1821160,"[9, 86, 8, 569, 975, 835]"
"Equation { Result = 25302375, operands = System.Collections.Generic.Stack`1[System.UInt64] }",Day07+Equation,25302375,"[189, 85, 525]"
"Equation { Result = 1697, operands = System.Collections.Generic.Stack`1[System.UInt64] }",Day07+Equation,1697,"[5, 390, 17]"
"Equation { Result = 20244, operands = System.Collections.Generic.Stack`1[System.UInt64] }",Day07+Equation,20244,"[4, 2, 2, 6, 6, 8, 8, 227, 9, 7]"
"Equation { Result = 5446, operands = System.Collections.Generic.Stack`1[System.UInt64] }",Day07+Equation,5446,"[1, 509, 9]"
"Equation { Result = 138082, operands = System.Collections.Generic.Stack`1[System.UInt64] }",Day07+Equation,138082,"[2, 8, 379, 3, 2, 1, 9, 2, 9, 4]"
"Equation { Result = 3300240, operands = System.Collections.Generic.Stack`1[System.UInt64] }",Day07+Equation,3300240,"[3, 889, 6, 5, 8, 57, 42, 6]"
"Equation { Result = 8733, operands = System.Collections.Generic.Stack`1[System.UInt64] }",Day07+Equation,8733,"[9, 29, 4, 590, 9, 66]"
"Equation { Result = 99232, operands = System.Collections.Generic.Stack`1[System.UInt64] }",Day07+Equation,99232,"[59, 623, 8, 4]"
"Equation { Result = 7816929120, operands = System.Collections.Generic.Stack`1[System.UInt64] }",Day07+Equation,7816929120,"[30, 182, 44]"
"Equation { Result = 850529502, operands = System.Collections.Generic.Stack`1[System.UInt64] }",Day07+Equation,850529502,"[41, 60, 454, 41]"
"Equation { Result = 473088, operands = System.Collections.Generic.Stack`1[System.UInt64] }",Day07+Equation,473088,"[29, 22, 672]"
"Equation { Result = 287042, operands = System.Collections.Generic.Stack`1[System.UInt64] }",Day07+Equation,287042,"[4, 5, 897, 2]"
"Equation { Result = 738057, operands = System.Collections.Generic.Stack`1[System.UInt64] }",Day07+Equation,738057,"[8, 738, 57]"
"Equation { Result = 6229017, operands = System.Collections.Generic.Stack`1[System.UInt64] }",Day07+Equation,6229017,"[5, 5, 6, 657]"
"Equation { Result = 3124915415, operands = System.Collections.Generic.Stack`1[System.UInt64] }",Day07+Equation,3124915415,"[71, 218, 83]"
"Equation { Result = 188011, operands = System.Collections.Generic.Stack`1[System.UInt64] }",Day07+Equation,188011,"[1, 98, 639, 59, 5, 9, 3, 69]"
"Equation { Result = 28206493, operands = System.Collections.Generic.Stack`1[System.UInt64] }",Day07+Equation,28206493,"[3, 56, 3, 5, 13, 70, 63]"
"Equation { Result = 1642872, operands = System.Collections.Generic.Stack`1[System.UInt64] }",Day07+Equation,1642872,"[849, 21, 88]"
"Equation { Result = 82236, operands = System.Collections.Generic.Stack`1[System.UInt64] }",Day07+Equation,82236,"[935, 796, 95]"
"Equation { Result = 1287240, operands = System.Collections.Generic.Stack`1[System.UInt64] }",Day07+Equation,1287240,"[3, 911, 2, 815, 51, 8]"
"Equation { Result = 22079607, operands = System.Collections.Generic.Stack`1[System.UInt64] }",Day07+Equation,22079607,"[4, 21, 953, 37, 41]"
"Equation { Result = 523250, operands = System.Collections.Generic.Stack`1[System.UInt64] }",Day07+Equation,523250,"[805, 10, 5]"
"Equation { Result = 2461027, operands = System.Collections.Generic.Stack`1[System.UInt64] }",Day07+Equation,2461027,"[14, 3, 4, 84, 751]"
"Equation { Result = 1194436, operands = System.Collections.Generic.Stack`1[System.UInt64] }",Day07+Equation,1194436,"[436, 31, 2, 43, 68]"
"Equation { Result = 274815, operands = System.Collections.Generic.Stack`1[System.UInt64] }",Day07+Equation,274815,"[93, 1]"
"Equation { Result = 84103, operands = System.Collections.Generic.Stack`1[System.UInt64] }",Day07+Equation,84103,"[9, 123, 292, 7]"
"Equation { Result = 80925, operands = System.Collections.Generic.Stack`1[System.UInt64] }",Day07+Equation,80925,"[22, 47, 65]"
"Equation { Result = 33443, operands = System.Collections.Generic.Stack`1[System.UInt64] }",Day07+Equation,33443,"[3, 9, 62, 312, 42, 17]"
"Equation { Result = 138138, operands = System.Collections.Generic.Stack`1[System.UInt64] }",Day07+Equation,138138,"[1, 3, 1, 506]"
"Equation { Result = 5668451, operands = System.Collections.Generic.Stack`1[System.UInt64] }",Day07+Equation,5668451,"[75, 973, 17, 6, 5]"
"Equation { Result = 1087, operands = System.Collections.Generic.Stack`1[System.UInt64] }",Day07+Equation,1087,[7]
"Equation { Result = 262955060, operands = System.Collections.Generic.Stack`1[System.UInt64] }",Day07+Equation,262955060,"[3, 7, 7, 45, 2, 9, 548, 95]"
"Equation { Result = 33613, operands = System.Collections.Generic.Stack`1[System.UInt64] }",Day07+Equation,33613,"[2, 238, 15, 51, 227]"
"Equation { Result = 66980340, operands = System.Collections.Generic.Stack`1[System.UInt64] }",Day07+Equation,66980340,"[7, 650, 153, 265]"
"Equation { Result = 5178404, operands = System.Collections.Generic.Stack`1[System.UInt64] }",Day07+Equation,5178404,"[1, 6, 345, 4, 7, 473, 2, 2, 1]"
"Equation { Result = 268920, operands = System.Collections.Generic.Stack`1[System.UInt64] }",Day07+Equation,268920,"[54, 3, 4, 3, 90]"
"Equation { Result = 12166567, operands = System.Collections.Generic.Stack`1[System.UInt64] }",Day07+Equation,12166567,"[43, 9, 9, 3, 550, 2, 5, 7, 8, 7]"
"Equation { Result = 35660898, operands = System.Collections.Generic.Stack`1[System.UInt64] }",Day07+Equation,35660898,"[56, 49, 2]"
"Equation { Result = 6421688964, operands = System.Collections.Generic.Stack`1[System.UInt64] }",Day07+Equation,6421688964,"[909, 25, 1, 3, 828]"
"Equation { Result = 690, operands = System.Collections.Generic.Stack`1[System.UInt64] }",Day07+Equation,690,"[44, 77, 7, 39, 8, 32]"
"Equation { Result = 48180660, operands = System.Collections.Generic.Stack`1[System.UInt64] }",Day07+Equation,48180660,"[4, 5, 6, 6, 1, 577, 2, 9, 6]"
"Equation { Result = 690000, operands = System.Collections.Generic.Stack`1[System.UInt64] }",Day07+Equation,690000,"[46, 375, 4]"
"Equation { Result = 78619520, operands = System.Collections.Generic.Stack`1[System.UInt64] }",Day07+Equation,78619520,"[80, 58, 3, 980, 92, 4]"
"Equation { Result = 43464193, operands = System.Collections.Generic.Stack`1[System.UInt64] }",Day07+Equation,43464193,"[16, 57, 97]"
"Equation { Result = 3066, operands = System.Collections.Generic.Stack`1[System.UInt64] }",Day07+Equation,3066,[7]
"Equation { Result = 1158660, operands = System.Collections.Generic.Stack`1[System.UInt64] }",Day07+Equation,1158660,"[24, 62, 785]"
"Equation { Result = 25187335, operands = System.Collections.Generic.Stack`1[System.UInt64] }",Day07+Equation,25187335,"[9, 2, 4, 768, 9, 7]"
"Equation { Result = 81481, operands = System.Collections.Generic.Stack`1[System.UInt64] }",Day07+Equation,81481,"[551, 6, 3, 652]"
"Equation { Result = 1567635920, operands = System.Collections.Generic.Stack`1[System.UInt64] }",Day07+Equation,1567635920,"[43, 698, 40]"
"Equation { Result = 10314416, operands = System.Collections.Generic.Stack`1[System.UInt64] }",Day07+Equation,10314416,"[596, 1, 8, 13, 4, 524, 7]"
"Equation { Result = 16797462846, operands = System.Collections.Generic.Stack`1[System.UInt64] }",Day07+Equation,16797462846,"[9, 62, 7, 5, 526, 93, 6]"
"Equation { Result = 8316, operands = System.Collections.Generic.Stack`1[System.UInt64] }",Day07+Equation,8316,"[29, 32, 66]"
"Equation { Result = 5776330, operands = System.Collections.Generic.Stack`1[System.UInt64] }",Day07+Equation,5776330,"[737, 369, 922]"
"Equation { Result = 214512, operands = System.Collections.Generic.Stack`1[System.UInt64] }",Day07+Equation,214512,"[453, 7, 41, 8]"
"Equation { Result = 1633826, operands = System.Collections.Generic.Stack`1[System.UInt64] }",Day07+Equation,1633826,"[240, 15, 851]"
"Equation { Result = 32040, operands = System.Collections.Generic.Stack`1[System.UInt64] }",Day07+Equation,32040,"[326, 12, 90]"
"Equation { Result = 578, operands = System.Collections.Generic.Stack`1[System.UInt64] }",Day07+Equation,578,"[3, 1, 96, 2, 2]"
"Equation { Result = 50459904, operands = System.Collections.Generic.Stack`1[System.UInt64] }",Day07+Equation,50459904,"[1, 653, 8, 6, 242, 6]"
"Equation { Result = 573300, operands = System.Collections.Generic.Stack`1[System.UInt64] }",Day07+Equation,573300,"[5, 60, 7, 3]"
"Equation { Result = 1757, operands = System.Collections.Generic.Stack`1[System.UInt64] }",Day07+Equation,1757,"[4, 81, 28]"
"Equation { Result = 1040, operands = System.Collections.Generic.Stack`1[System.UInt64] }",Day07+Equation,1040,[8]
"Equation { Result = 20430, operands = System.Collections.Generic.Stack`1[System.UInt64] }",Day07+Equation,20430,"[54, 55, 5, 244, 8, 7, 5, 6]"
"Equation { Result = 5614431408, operands = System.Collections.Generic.Stack`1[System.UInt64] }",Day07+Equation,5614431408,"[84, 411, 36, 4, 3]"
"Equation { Result = 1185746128, operands = System.Collections.Generic.Stack`1[System.UInt64] }",Day07+Equation,1185746128,"[58, 361, 2, 345, 4, 112]"
"Equation { Result = 3116640, operands = System.Collections.Generic.Stack`1[System.UInt64] }",Day07+Equation,3116640,"[13, 86, 40]"
